num_wire_inbound,num_wire_outbound,perc_wire_from_high_risk_country,degree_centrality,avg_wire_amount,risk_label
9,5,0.7780086845159172,5.396555665573388,40327.18889705377,1
3,2,0.3616072756512771,1.7524632959008444,7222.979502165516,0
14,11,0.9811689747734217,17.595347696861104,53026.76893422974,1
10,8,0.772704737317766,7.792989063122883,43093.91458516676,1
3,2,0.05415245204137403,4.719433933285264,8490.937291970915,0
6,18,0.8935925129025131,14.748000247004889,51146.37874552691,1
2,2,0.06072903184359259,8.215708673616493,10782.16069933307,0
1,3,0.040937598095102515,7.95146535798469,11677.097852627248,0
8,7,0.9030183217428983,15.749031534705427,57437.15820399812,1
3,5,0.07427350720833023,1.6797774801724787,8215.031961734792,0
10,14,0.9036162477545691,14.095833078005738,63711.4104734209,1
1,3,0.030408894347550675,4.916239890069862,11492.766161967129,0
0,4,0.15702132781896486,0.3487366443173041,12166.101311107164,0
1,1,0.16583735324933357,7.299430658453261,11575.862504992107,0
15,14,0.9982609157515842,15.208754866839243,55944.45604004114,1
10,14,0.9384345443894738,4.192019333807315,49648.21911229566,1
2,1,0.42030831242543565,7.500573825882467,8265.108006638808,0
3,4,0.13469233275720738,3.954450103566872,12485.602164119886,0
1,4,0.13824439076961298,5.179569928838263,10422.28042615392,0
9,7,0.971432785949437,14.5663887542925,43309.40516034282,1
13,17,0.8993317091323517,19.571297723970613,62506.58642938271,1
1,4,0.005833592114426901,1.9078153593926555,11112.484375057766,0
3,2,0.028287228909924758,5.182392738742855,15783.317386151788,0
2,1,0.11279290333084675,4.147346370263479,11483.617482955537,0
9,15,0.6864291980135167,13.078373865706139,35371.16062260568,1
0,2,0.1142011542454357,6.507387799108022,11093.138325724512,0
9,10,0.8889830800361583,5.365318558772229,63240.877836120955,1
10,9,0.5364294687808128,12.412567258371523,47171.900049574535,1
9,13,0.7093684381301751,21.505078313273547,34557.26678902445,1
1,2,0.09030165314354997,5.182602342119337,11577.940250093841,0
2,3,0.07195387772469922,2.711707045944954,9407.38555555456,0
6,21,0.9583886636595186,9.683584951147532,64247.18830317047,1
2,4,0.14436079521708636,4.522136357085758,10640.509562576308,0
4,0,0.22653588232532731,3.5407912725966684,10872.305963016071,0
1,1,0.0034191755176595723,3.1342737764128135,6219.787054692492,0
0,3,0.10706963950815784,6.518065353734437,7712.225430348952,0
1,2,0.02418659748927826,5.489500653369548,10342.81959180701,0
1,1,0.05225115680293941,0.973998735380639,9572.089141624901,0
13,12,0.6457700462697159,21.36832527065219,49228.35224788736,1
2,1,0.3174824620788844,6.774764728282268,10435.942240077318,0
2,4,0.16486650339054545,5.229161234201689,10476.509666744696,0
2,2,0.22527609380597594,1.1990205879645197,14186.791450099852,0
0,1,0.3363998362847883,5.557824730163886,9480.476689424648,0
3,3,0.08932932188042743,3.6353778555857392,5549.408194446449,0
3,2,0.14660815885465642,6.260359184730227,9131.935472461975,0
4,1,0.12272388681634781,4.294630202008837,8906.43168816858,0
1,0,0.1268472554709057,7.731045960812376,11369.684388211183,0
7,7,0.5153057197724866,18.319206806277332,40542.28353926723,1
4,7,0.9948161151504906,11.255134513649773,54374.24485722934,1
1,3,0.11324482498700052,6.5089513995414,6700.774141132773,0
0,2,0.01349522737575957,6.862231816781868,6672.319253446089,0
2,3,0.0032098724837891024,6.016625912325046,5892.564408761871,0
1,1,0.01950281092786357,4.113180653562903,12845.120657685027,0
6,1,0.003550555702968884,2.013138527930548,9644.745924753403,0
1,6,0.07035801802769903,3.458425193919447,10428.857860824894,0
0,2,0.042136281525001706,1.5548798504950607,10384.228534157337,0
2,3,0.07605893034754908,3.3768929130474716,11641.963869475801,0
2,1,0.14250706504460206,4.06689006234616,9711.82885909501,0
3,1,0.08700436107076873,4.943320309267079,7765.980875539349,0
2,3,0.06978342908818458,6.6176408045557,9715.439006414445,0
4,1,0.04733145378581908,3.621591905829933,8443.637043249,0
7,9,0.8477437009666144,10.446787399560028,51968.313989019305,1
14,14,0.715810634807288,14.911266537908032,48731.98030895141,1
3,2,0.19553425183938267,5.137787233445709,11623.991150708263,0
12,15,0.9765733832419854,16.125289426289697,43484.72520234245,1
4,1,0.23302890596931,8.278607766738192,8496.244948824984,0
0,2,0.07550037598522534,1.945362025164437,9162.928533321025,0
2,4,0.007223508992751849,3.2472125130504823,9073.164857767808,0
14,9,0.9273689609376814,10.000523538759499,39882.188242771655,1
1,0,0.07925914881312138,0.4737064184897122,8665.58923104735,0
6,1,0.17844180077496657,5.913199697397004,10625.03975955444,0
8,10,0.8354458418824527,22.65663401157116,44282.230913906125,1
1,0,0.012257735382616913,6.124478119516532,9865.38866006457,0
1,2,0.0005672972327109554,2.4434747414848497,11985.754936377374,0
3,0,0.1086023803124333,4.965453523903654,7770.553488089983,0
0,0,0.018513704354654263,2.5803756058841762,7474.950811894452,0
1,2,0.02212409126638963,6.343484964383745,9591.781747013116,0
4,2,0.07289442065344337,7.900174084351503,11562.157962430547,0
9,14,0.9806583494031437,9.28005499338314,47170.02652700139,1
2,3,0.0949840878042335,4.915031754914359,9609.594426341664,0
0,0,0.10046232625399615,5.440227746602905,8531.779897522518,0
0,0,0.09669058223370743,6.064928615577391,11587.89306694251,0
2,0,0.0700067019737594,5.306067834748776,9638.446490393026,0
4,4,0.061246768279472646,2.270702652261239,11683.214407516783,0
2,0,0.022700814906468154,3.1051419098786477,8817.39072224211,0
3,3,0.01235285029388931,4.310677428075963,9281.733955405844,0
1,3,0.10013974153931192,6.928357546766851,11726.175572010494,0
3,2,0.05836915894234268,6.190455543668405,7965.576284199682,0
4,0,0.029007830557429386,3.850819938623916,9051.296210221259,0
8,13,0.8957081441515874,22.875686605439558,60522.019076744335,1
1,2,0.07306941043512732,5.977226192832915,13610.178700915782,0
1,1,0.06783548486736451,5.948084623024412,9897.630308719145,0
3,3,0.08883803792161069,5.122172345196625,12278.542798394203,0
0,1,0.010915126226828132,7.233736324541477,11554.164516930512,0
0,2,0.02138689197448554,4.595796812136328,10279.786846940637,0
8,14,0.92039937979211,17.626537312510752,51315.929605618665,1
0,2,0.06385319255641654,5.736370072824016,9799.761196077505,0
1,2,0.5388123798806578,6.656020812326945,12322.415343516057,0
2,1,0.025016049640671834,4.891327040502591,10277.775042690753,0
3,6,0.04824252375136808,6.641845758219419,9010.01960218387,0
1,4,0.03544886481541964,6.952747345958967,8116.369957105339,0
1,0,0.02088708390830935,2.189436225490221,14082.381006388172,0
1,3,0.20423376386392444,6.374021418896394,9480.695183410611,0
3,4,0.1987515433694501,5.986339668477673,10922.727042160186,0
1,0,0.21997893223447432,1.4892908613596716,12638.843575629744,0
12,13,0.9521009878555388,26.616334922273637,47245.01848325281,1
10,13,0.7843005286017266,14.412007736709342,42808.55510012774,1
1,1,0.2540010537965614,3.2089082305653873,13268.766397295529,0
2,1,0.03213604675477603,6.789974872189615,6983.971254734343,0
1,2,0.01824899225186774,4.272212420982154,7467.617960774348,0
1,3,0.10364423445964137,3.9099605434703975,10780.556954119093,0
2,1,0.027051230287365634,5.07299986365232,15066.678001395687,0
3,3,0.11013233165987477,3.2373706753545126,15082.682064061051,0
9,4,0.821786184708317,10.522477398456974,49718.31729847661,1
5,18,0.8932496659890744,12.37825691875823,56968.08991160353,1
0,3,0.22776545128726863,5.248083615544043,7974.583966676737,0
2,3,0.3915120085425627,0.9583648308281054,11829.846960235662,0
2,1,0.08974874184553697,8.305499407028451,6528.964779280547,0
2,3,0.22283038164862778,3.2242885850455876,11797.099000682434,0
10,12,0.9363495277225056,14.341209059041104,55672.46848857522,1
8,15,0.9211886015492335,12.547381737342134,51757.08942604567,1
5,3,0.4276237216337121,5.634836547007582,6471.022060686191,0
3,1,0.0037180978292408115,6.123881233020267,9377.558204982894,0
4,3,0.060152343731597994,2.714809461025474,8805.205748618757,0
2,4,0.05387693878964547,2.1520123006079763,13539.581465674222,0
18,11,0.8618812669408171,13.697902334237305,60863.08754436352,1
3,5,0.05416573817397186,3.718735539728076,13412.43861605079,0
1,0,0.12828326770057621,5.350772249079894,10193.472865476027,0
1,2,0.07607931030770908,6.614522112671285,6756.979816822334,0
4,2,0.12452879163185857,5.045025948795455,11558.375154001607,0
2,3,0.17757489429636011,5.2024554556697895,15361.017743266491,0
1,5,0.2977248646523365,3.0662369480719636,9915.481687812606,0
1,3,0.14261537055570275,5.0602927975640295,8003.413883357861,0
2,3,0.00807095293542879,7.612122923685453,9644.750082713359,0
2,1,0.3732715659311266,0.8984002880117039,10394.846095385163,0
2,1,0.073219239486251,7.1460419896072445,10701.15091522509,0
2,2,0.024901415555302037,7.577760004103689,13262.230194911166,0
1,0,0.09893107535554746,4.532004858906874,10600.30190247235,0
0,2,0.05863691580742183,5.023851961542952,12173.26708368306,0
1,4,0.01737564191628692,3.1922889160953263,11456.345499094434,0
3,3,0.21544125988462204,4.9119889101163485,9287.20598535879,0
0,3,0.1692468344281928,5.318354231845162,10105.364908620164,0
1,3,0.1462479013018544,4.072104061031183,9763.316752252356,0
1,2,0.12204789363255096,6.092663412003502,6587.873838803798,0
3,4,0.05500184460305971,2.4967928150705117,9970.61249394888,0
1,2,0.24677628416802258,8.857687928043513,10533.955179743318,0
9,17,0.9507438732598495,17.23006255364269,49764.445997792456,1
6,16,0.7494945582296411,9.285114295734504,75770.54329570032,1
3,0,0.3389224395442487,1.9759873758768474,8738.001288212065,0
1,0,0.00818652397598105,7.8407596960567005,14271.374818826745,0
4,3,0.05756650573340238,3.045524622570478,11311.736358292495,0
7,13,0.7327663879493855,18.05255501179507,48171.97567593633,1
12,14,0.7013580572531141,17.392651570749518,48554.11283013946,1
2,3,0.15819840934171397,3.924050243837775,8973.341626644991,0
3,5,0.0019328509940616755,6.362079192089044,6320.869904355794,0
10,10,0.7650134223176673,9.483746472648301,43017.7967877842,1
9,12,0.5210260121751348,15.632378377441874,64269.674044104104,1
8,12,0.837862743839959,11.92323616619283,56683.53967843458,1
3,0,0.006330527555993794,4.836578615716844,11557.254729284316,0
4,3,0.25224084081073705,3.7043079031878126,11246.815947990055,0
11,13,0.8325686116089427,22.458910817120298,34611.10742921411,1
1,1,0.20690257511732255,7.940864606025076,9019.642983725998,0
12,15,0.9612322570197755,15.816430265400662,41527.30723131206,1
1,1,9.615872607674927e-05,6.5939315910198495,13257.255395762482,0
3,2,0.22413447756799265,1.530719328936951,10949.42195479733,0
0,5,0.018726812930015716,2.8865811032735507,9150.14632888608,0
2,2,0.010255521461933658,11.552798690226,14238.480774457901,0
15,13,0.8228447746777595,18.920280191251784,67118.06867529504,1
0,0,0.0689495860835505,4.339660664118118,6985.58286828753,0
3,1,0.08157130642705389,4.955827370016845,11364.156391480454,0
1,3,0.04866389460750733,4.254515511942621,10009.821117127107,0
10,10,0.708408106957884,17.295900836674317,37225.82001218968,1
1,2,0.05355383236668271,4.220638715400889,9372.542553880305,0
0,2,0.11281491575723966,2.7583056928688605,12608.132926697674,0
3,0,0.07606459044493419,6.300177816163289,8595.500915273713,0
3,1,0.01590310895576419,5.748882448903664,9878.136729705431,0
11,9,0.9344840629937999,15.872657041722423,50335.262874783206,1
2,1,0.18912429862362928,6.274582910027979,11785.568756453977,0
4,2,0.27046455388783713,6.442239041751705,7541.994279011107,0
3,2,0.07070317314946893,5.200905900904229,7260.028455066194,0
5,17,0.8927901731707585,14.022878985153145,49892.57453349205,1
9,14,0.7863582436729457,16.396579208862526,58895.53631079628,1
2,1,0.3305841106713486,3.5125678294110037,10747.549749804479,0
1,5,0.024792623788228944,7.386207346664536,10258.735342021624,0
3,3,0.005585896076339775,0.9015884593523165,12330.704765104232,0
3,3,0.0417752894357285,6.415084701868338,10614.44208859138,0
4,1,0.02371764184692049,4.0652278494090766,7130.3669773066895,0
2,1,0.017899992584269202,8.266459033039881,10369.67952872076,0
6,8,0.9518177279495997,22.524710945576025,66345.51692076965,1
0,3,0.12531822629974762,1.5389877827618186,7884.592986195489,0
1,2,0.0891486270215653,4.7820096785772375,10447.051448952778,0
3,1,0.04979045445986119,3.1769800626462565,8240.722134554127,0
2,1,0.09155521434340483,4.164983852969937,9614.092020800466,0
18,10,0.903700836083959,26.556295024714395,68526.97094852882,1
0,1,0.22008219030822393,2.4289909539441954,10610.497319235143,0
21,14,0.7587202218659421,15.453954514835536,35829.23442078178,1
3,1,0.08239690532864445,0.9306366546106553,10014.6991509295,0
9,16,0.5166846717876745,14.75951288478671,47858.56127910536,1
1,1,0.0018856034217128012,3.611646528229296,4409.82586811616,0
3,1,0.042622262834763516,2.157070625686949,5671.726465973999,0
9,13,0.8778025361762866,9.36786155558622,46662.413945093635,1
9,16,0.9510057720072441,14.815555234655479,58332.78617103433,1
3,0,0.13854088936698628,6.91706392259723,8914.264810494926,0
1,1,0.05594354736104052,3.3529547662860457,11041.197762217937,0
0,1,0.0659567112768459,2.7371887797299252,10945.497946951391,0
9,17,0.9860622120115423,22.660818848042734,38750.59978115016,1
1,2,0.3546285164865822,3.2730855256232134,11590.975389909776,0
4,2,0.03442237703395405,9.852385629366132,8434.485982241245,0
11,12,0.9603080575072468,4.164549692371214,60961.17935409184,1
2,3,0.014146677639342098,4.832196273463406,8240.07129595518,0
10,11,0.9460835031260639,14.710862458470544,51154.53465622868,1
6,0,0.03288290529967804,5.468488084078542,10173.461522614376,0
2,3,0.05263182016041439,7.122173256317726,10129.076126019445,0
1,3,0.027844985344961288,1.9074441620371752,7860.4419137816985,0
4,3,0.05389667202215739,3.9652740217155342,9829.829668697957,0
13,10,0.9206011076382064,15.92745500159245,76879.7624380741,1
9,7,0.9654723323127259,16.49886117801068,47254.22000247038,1
2,5,0.17705674024919782,3.1515359693616127,10941.752513476866,0
1,1,0.009072885837538036,7.8688160900696555,9656.027009183645,0
2,1,0.03658429541627467,7.268001001629499,11028.952141063499,0
4,4,0.1613741521019725,6.727142718271624,9710.34809280083,0
4,3,0.19795257678649747,4.1662294398949715,11174.195852600591,0
2,2,0.05994863692222922,5.416764625039242,12888.520093640758,0
2,3,0.08172053702391213,6.407445637798563,6632.588749268033,0
8,14,0.9355188695413258,12.01280851263727,64178.31972887085,1
2,2,0.04225599092928312,4.6301745622476185,12447.448085009442,0
2,0,0.02840833247940847,2.195608028487913,12423.096513823522,0
2,3,0.0193613986449917,9.545072883799381,13665.90105190751,0
0,2,0.12579759179422106,3.6013931217949877,10073.239852716446,0
0,0,0.07136223557547043,6.266073452501052,11628.933465497013,0
2,2,0.014788055902941126,3.160746123124886,9847.745553862183,0
2,5,0.059378544772105614,8.08888419774853,9832.511129236196,0
2,2,0.036448964130133064,4.426389181332922,10901.994740865228,0
13,9,0.47592714198468705,16.620886542984977,66045.27927736293,1
5,4,0.02632911546882508,8.063284932298075,9502.304562017942,0
3,2,0.06991395560838982,7.308272473056046,13532.914493075123,0
2,2,0.05802640083456286,6.027270067730305,7710.821449320448,0
1,2,0.0921593663910691,7.494770583949326,7307.718554839589,0
2,0,0.07414204526166014,5.206243668216112,12283.117464553445,0
2,0,0.024140929873682236,5.6352927380212705,7036.022917748409,0
15,13,0.9787017908443681,10.221809076528784,61632.29755140777,1
14,16,0.8780579482100634,18.148188015127946,57017.10057977093,1
2,2,0.11240577727756444,4.265288382463504,6870.0472569998055,0
8,10,0.7226309616987331,4.952299724142666,41462.791807843925,1
3,2,0.0032026852663814857,2.000264721474966,9679.915596538625,0
2,1,0.036964316521419294,3.436991073452113,11308.747918787236,0
4,1,0.25398727661431014,6.098859014871527,9534.415999229106,0
1,0,0.05926661142273549,2.338381476276001,10454.267657386898,0
5,6,0.011540734203360707,4.819585649984329,11082.386014600861,0
3,3,0.14564803638356988,7.096969747409101,9197.016636785023,0
5,18,0.6663195633916343,14.910667092994572,38076.36441731644,1
6,13,0.9972798012996029,12.754341295227787,55721.00208300987,1
12,19,0.9790886442776786,14.137519828012719,41758.66516328278,1
1,1,0.0519905329107245,1.4595116480490278,11790.195111840398,0
0,2,0.2545798981772965,2.32642959783264,11152.59930608102,0
9,16,0.7289886138026725,20.477930001371547,48575.15418428204,1
10,8,0.661489502857592,22.4222954641285,67511.35597414443,1
1,0,0.1847567157661342,8.566541620791675,10874.226015841465,0
2,1,0.08367317763343324,6.652219673387741,10572.666659734017,0
15,7,0.9847210847955272,5.5280890203704605,53095.31930304238,1
3,2,0.12008019200851607,3.214116063740676,6619.607564734397,0
3,1,0.06313346167685618,6.142062928794295,9343.118525342372,0
2,0,0.08932353566328606,7.959054407037035,10639.623269592355,0
3,1,0.002605845832018273,4.623794248909897,12340.521662736175,0
0,2,0.1423958483789527,6.404552855103157,10752.709777223781,0
0,1,0.13512873780578005,4.281002446709164,11096.142316098523,0
2,3,0.056137133232511446,3.4501669325454665,10048.480485250953,0
1,0,0.05619398330462451,7.145041428354543,8287.086695508478,0
0,3,0.17448733796774865,3.006186079339219,7807.6009528649565,0
9,10,0.916711772094211,16.198850867913215,41545.67816195025,1
5,2,0.17755002341180415,5.173919404074339,12752.668317354388,0
4,4,0.006295878085054325,7.6004978885040835,8938.39904241023,0
0,4,0.0012763976200878416,5.696213629429422,14050.182166983906,0
3,2,0.15915310260430146,5.026360521773379,11939.681729679818,0
2,2,0.1578869705846103,8.977640107567588,10113.340588143343,0
1,2,0.03393890938681029,3.044443578082298,10520.343780672907,0
0,5,0.05295562155545034,1.9487641434035008,10961.36252844079,0
1,3,0.10635757814225642,4.978168637853102,10807.953530110932,0
10,15,0.9502052053270662,17.124490749529077,42709.63571973462,1
13,16,0.9961549033368969,13.754303768802194,48508.66168937092,1
12,15,0.9242185532538058,16.746127812722335,52744.75801577809,1
3,0,0.12559537579441976,5.431199367411733,8409.150416490387,0
1,2,0.1628749756738188,0.8756437905037062,9203.588152561553,0
9,9,0.6614966320990021,14.37784607928095,58352.59567199431,1
12,7,0.9505635803579616,11.406564779255582,33029.1001905944,1
0,4,0.04378785418267736,4.409945295771685,5388.708989591568,0
1,3,0.041035123440235244,6.98329433682914,9418.26965961865,0
2,3,0.06747021289836762,5.010740757672006,12550.746814526416,0
2,1,0.01712769483497694,3.965306854121444,9581.470576671181,0
1,1,0.049723066850036725,5.493377540672113,9481.749578734298,0
1,1,0.004894961660310682,5.757004297835041,8144.4634018085935,0
4,1,0.03034634546978598,0.6833161662217382,13201.125014739919,0
1,3,0.018400622205752726,2.7575973463222994,13370.447022959477,0
1,3,0.11677894328849131,5.069724830658331,11599.854599059834,0
7,12,0.8794196083100034,15.798302827739626,40222.17755320254,1
4,3,0.08095116904834507,3.0225253631603635,7755.490042414196,0
2,2,0.030678039210905405,3.792040226785552,6752.389377055195,0
4,2,0.01614527539561901,0.28461621191382047,8547.885406725582,0
5,1,0.1460321272997046,0.9387148585477929,7459.986464418226,0
6,1,0.028209603683580706,6.876830843578229,4154.5824018859985,0
0,0,0.00466188363821318,6.669657002384906,11414.035005915212,0
0,2,0.04900057797642735,6.284731184100356,8648.887681306422,0
3,0,0.022113272472132225,8.04542259859234,11433.411364477419,0
3,2,0.12847886372645323,5.115394444331568,10406.707516809996,0
2,2,0.052986622261541896,3.917136709851478,10910.132307069514,0
3,4,0.22136518538965191,5.427122399378491,6070.205434046312,0
2,0,0.06313128439758214,7.931434483408119,9323.486711505846,0
2,5,0.29761322426630504,6.725752347799482,11369.438775776835,0
0,2,0.044996633088432214,6.2219286884932865,9526.987249084954,0
1,0,0.03712374950777396,3.0909013783510444,10824.968925583025,0
3,4,0.040240862901332455,5.24941380606093,12545.515073270766,0
15,11,0.6284075375745507,8.189025543086736,40578.77904647191,1
1,4,0.21947045052896505,5.066433126026295,7320.495492627988,0
2,2,0.16071172955827467,7.03868653449737,6959.074835058227,0
3,4,0.015507052453636958,6.238192956103102,8423.956762448688,0
2,2,0.12578487088285048,7.410235479228901,10989.500225070402,0
3,0,0.036937608302739205,4.651718565739512,11565.407877203701,0
4,12,0.8268016858507642,18.776214994952863,47811.140763438336,1
1,2,0.2243925953590407,3.206667011333237,13523.340464273755,0
2,1,0.008044227023431253,3.4118754859279563,12429.016023555607,0
0,3,0.03906513286114567,1.6130018183298547,11827.880938645983,0
2,5,0.13846563284243052,0.8942511593015299,11242.7806730766,0
1,0,0.0929048945765657,2.196940306134963,7569.4548475462125,0
11,9,0.8947662427669864,16.525002726048644,53782.12162643893,1
3,1,0.022576416941805507,5.807831162631439,9699.495951966686,0
11,9,0.8473551145702594,18.30210467970656,58342.62757889537,1
1,6,0.03559428236516412,1.4535851844219065,10561.274733565375,0
2,1,0.07172457515775338,7.413174839608418,13321.983808281246,0
4,2,0.04002579285392325,6.737350542678354,13687.851485030573,0
1,0,0.008040558453329658,6.080048393978487,7350.1679611550735,0
0,1,0.24642791694136884,5.8016463274705705,11299.218880197124,0
11,17,0.8332528560128616,18.161496048916504,39456.94957395921,1
2,3,0.002455296643305961,1.0539700000303203,13527.23841550158,0
3,1,0.004224272490328381,6.303729705386191,12831.750298529218,0
2,1,0.04079505594200944,3.5122812217541686,7622.805195064731,0
11,15,0.7796020518922671,21.275527082915417,55580.39671519017,1
3,4,0.037059143959113215,3.2587579537482307,9460.520550849815,0
8,6,0.9343461259533715,18.8379503847498,57937.58143099133,1
1,0,0.18643823573693857,2.8892275573165325,10668.31524374631,0
1,1,0.13130124882832506,3.9354765476568483,13714.95441859146,0
3,2,0.03694662467546276,5.540816268416098,11654.20476352668,0
11,8,0.7265415947055208,13.144716425998071,61175.807322456254,1
0,3,0.06939415673655198,4.609116252414231,7185.902938002109,0
2,2,0.048431018600266496,6.574545976002369,12526.569004737408,0
1,1,0.027911526870101303,2.76626805613411,11621.72343206645,0
4,4,0.1255707111152592,0.41211683030695667,11752.426148544693,0
15,7,0.9105972685035328,27.030611790016355,66462.30951809906,1
11,18,0.985704938574304,6.2681376018816,55717.058930363164,1
4,3,0.009990936176228347,6.9359474885486705,7427.832900080103,0
3,6,0.15010359374167562,3.806793290183291,11012.910493015526,0
3,1,0.05292028321057722,4.698126766312014,8946.750106038871,0
0,0,0.15296509432815963,8.400269820799874,10496.51959298096,0
0,0,0.20115712845380038,4.4589702361916075,9366.58511145146,0
2,2,0.09312133853383496,3.1883596411543147,11923.61294502124,0
0,2,0.1882173436134237,6.3921308341540986,6837.289547739886,0
3,4,0.13001778867690647,3.5695029623648185,8982.046943218593,0
2,3,0.06177692866911723,7.114978558604356,10828.43516990167,0
1,2,0.019630526806644562,4.0612036751290495,8383.622683503723,0
14,15,0.8067649994368217,13.187661801202873,51982.960337144534,1
10,13,0.6502427105982753,20.802009146336708,38107.7601508762,1
0,1,0.04539831918436126,8.305497911633758,11147.953401663357,0
0,4,0.12295551277993261,6.7458657351509155,14000.215383770668,0
0,3,0.02131594483145051,3.821218810299114,10203.124847007215,0
2,2,0.013321250267016723,1.7545031893549705,8091.153800716181,0
3,1,0.24154214939652385,4.240411515816088,10421.370376590958,0
4,2,0.20955668205985173,4.367328910519871,10432.664435799337,0
2,1,0.034930981579697706,5.231663898019129,12292.732150593662,0
1,1,0.007757566127660644,3.091085974694494,7450.777417279653,0
18,16,0.5661959168125934,19.45760609202915,63301.57225136864,1
4,1,0.08309218584640818,4.306830836762361,12692.239503796594,0
1,5,0.05501759965684034,3.5495126467244296,13523.350190387957,0
3,1,0.2938613985052773,2.984011522263019,8057.986353178722,0
15,9,0.7199305943718842,15.276280491433383,52758.74006375149,1
15,14,0.9960206306535259,13.962078274284801,43163.14284970915,1
6,10,0.5479257498427291,12.078524851597594,55981.55247464706,1
2,2,0.007510249725438393,3.1085568249630544,11442.87181468817,0
15,13,0.922069423354813,10.279362217687899,48702.27775601541,1
2,2,0.16044203293430503,0.5162072904503416,13320.853706986694,0
2,1,0.03557219170439963,4.8473383999184625,8610.86610927246,0
6,9,0.9956239253206539,10.993043648687054,31060.06407157784,1
12,7,0.8263381383316835,12.148734035859551,22810.267619931048,1
4,1,0.04325194306077502,6.88610289321359,12378.836568926952,0
3,1,0.021588958400441564,4.175306613153185,11178.40026446518,0
2,3,0.11067993911268029,5.319681154330794,12558.167738884844,0
3,4,0.2872427954757889,5.87346511112967,12071.464933945883,0
0,0,0.21234535160158102,2.638328166015729,9590.635263759765,0
3,4,0.048520951681754895,6.207408310245255,13556.538478608954,0
4,2,0.2010164831241686,5.338490809637929,10222.781707009919,0
2,1,0.014391873745119103,9.172750835102704,11447.164571820114,0
8,15,0.8240693707986012,18.451279645614015,52833.78002401762,1
8,15,0.6947088755999319,15.347458063598168,61321.98191720682,1
9,15,0.8266945236353622,12.219515318855988,42494.52810996951,1
2,2,0.11359288554934854,9.852927349213983,10805.289022928244,0
10,15,0.8395666337022548,21.12194643401452,56612.30510864323,1
0,3,0.13703794258072857,3.8652723887857867,7406.534605159921,0
3,2,0.025982780171678127,0.8739763769983693,6798.748313633242,0
3,1,0.03812457734343127,6.787184081262922,13573.510897660644,0
2,1,0.041901758042008644,4.316706608703208,10137.59375667938,0
10,12,0.7607174342120446,13.79849597425876,36171.04080727462,1
0,2,0.2187195549864822,6.424379837006553,9566.978763801264,0
10,6,0.9927286407617387,12.343142415165108,57102.985786210345,1
2,1,0.03236562676757132,7.363126273764183,9443.141030953051,0
1,3,0.01741088392707764,4.959520557404708,10742.92137663502,0
2,0,0.039887981259376294,5.990997338280362,13036.645649134627,0
11,9,0.9875513065378034,13.154363634637532,52217.707824413854,1
1,2,0.03539611993253095,3.9438777739485253,11296.505312651738,0
14,18,0.8454936359218166,11.98007070392062,37066.544836651694,1
10,19,0.5041113646593007,18.800540154073452,29098.814928300948,1
3,3,0.007322802424333155,4.627984611415807,6892.705913260118,0
2,3,0.033793476283204095,5.140176950417134,7990.048169800226,0
18,15,0.8705691053078174,16.784850486976335,48653.80145227248,1
1,0,0.31964678032856325,9.877713413158503,8559.714799679385,0
1,2,0.12580170414188166,5.639108202439754,11897.896445614193,0
2,3,0.005969141060895052,7.792042730762965,8041.361589430898,0
1,0,0.040338944855896355,4.886775825471086,8733.093116232601,0
1,0,0.05344137358845122,6.80506592015065,12893.26281960346,0
3,3,0.11408336679845187,4.485182785630077,9365.301665206945,0
12,15,0.9668291062623368,12.139240335387278,55122.94310504259,1
4,17,0.9772346556296954,12.586583681763253,48132.489334993166,1
4,2,0.03046395578411921,4.436705235490138,8415.169176334057,0
5,1,0.08460709233818647,1.9224052456820009,11687.942048811188,0
3,4,0.1836140483345299,5.10315817905274,9053.964665458092,0
1,3,0.12432141646227611,7.380672681218737,9963.287551612526,0
1,2,0.18200203889894018,7.421402506295033,11233.190772229114,0
3,0,0.2577256887049435,3.165594639736727,15261.230019703744,0
1,2,0.09433558123446889,3.934732294445304,10313.3176646302,0
1,1,0.14218323889922393,4.657687226499272,10460.1208087668,0
17,8,0.9065224735203528,19.027902372653635,49752.89134931076,1
10,16,0.9244599258158289,7.096499741630387,44584.341233891144,1
3,0,0.031293320927257604,7.372922074660648,14195.390378010652,0
3,2,0.07681808056069496,4.4959017507302885,11996.23297743224,0
10,13,0.7580670002937411,16.765030902732477,51988.87955355687,1
11,14,0.8270248157657532,19.930419457388556,34395.804695230865,1
9,11,0.9460621598584069,10.731612958560316,59061.821573482994,1
1,4,0.0447657725893484,5.586102181843111,11465.735164911399,0
10,10,0.8840075375776763,8.261065123937454,47364.790798408685,1
1,1,0.14722970753362324,5.197718890022039,9010.34278916075,0
2,1,0.14852389387287657,5.9838180348544805,12068.720196029119,0
3,2,0.08946208939363062,3.7658435815791256,7084.417223970301,0
1,3,0.018308756304933303,8.149897398615277,9691.919939946056,0
1,2,0.08052268703940892,5.86693130011128,6173.33549970214,0
16,14,0.9906624757598007,9.959350216115752,50691.49816136547,1
1,2,0.13900946417713259,4.533422876507213,13226.071474927741,0
1,0,0.16846417612815096,5.146397256325566,11615.451456710096,0
7,8,0.8082912788341411,10.657017846821459,66056.11383241878,1
3,3,0.09287365906129548,3.329179435216351,7066.188109296161,0
3,3,0.29527433379726575,6.847730031928349,9051.106017011041,0
0,3,0.039741729564066054,4.861243266119342,8071.107459205068,0
5,2,0.011963151019706452,4.5538603764185845,8898.629746968321,0
1,2,0.09110387262606459,1.4691426049485865,12108.254016619238,0
0,0,0.020833443890973073,3.974130796442995,12518.362643026408,0
8,17,0.8846542728959683,19.31530390626357,54334.552379006316,1
2,0,0.16602860926306787,4.271091730102117,11644.864623545236,0
17,11,0.9596978147475784,15.989830499867775,42054.541919286334,1
3,2,0.0540676361492591,6.6538869209303915,8787.428019741508,0
0,1,0.15812752841391808,3.4449337520902894,10198.941916218302,0
3,12,0.9421362738272627,1.5033882528385023,33648.02490015751,1
2,4,0.05465537567914035,4.2728759108948635,9068.594330681852,0
5,1,0.09485540969674006,7.179574028408334,10261.96225839407,0
0,2,0.150446245648489,5.075046523186386,12295.132904289398,0
1,3,0.19540885489100449,3.3633250333274938,12178.678618633383,0
14,16,0.9519177004483484,21.573942457595088,62933.69887485671,1
18,11,0.8237977922920453,16.4759653085421,38775.15676277134,1
1,2,0.020585410631318347,4.358507222730884,7726.718233065524,0
5,2,0.155845319767398,8.347053683435185,10501.263348682927,0
4,1,0.0017371006723813107,7.212373676247763,11803.370244283358,0
5,4,0.16165528287805533,3.462116750212155,6260.145409903835,0
2,3,0.09015943621323752,3.8784110615200498,11696.596358609735,0
2,0,0.10367243503684115,6.903114755461,6626.484469100894,0
0,3,0.060632247821506106,1.6961636336164259,8669.368978131826,0
8,7,0.9820634541514466,11.556379217378634,47426.89133815323,1
15,13,0.884479914270374,16.712859157657284,53657.63030757136,1
0,0,0.09820333290024931,4.9340193943455,12190.898969017899,0
1,0,0.009091626307065441,3.061897896924834,7522.369963751435,0
5,3,0.06780417369488147,3.9212037969320543,12277.436135712196,0
8,10,0.810914644195629,8.426132746402732,44225.978077705615,1
10,12,0.8927114292129413,6.21078275300345,54720.11431462881,1
7,12,0.8205174110897556,8.682984187271968,58727.59456234097,1
5,2,0.0268714640382594,4.4114387748773005,11003.279364521717,0
12,7,0.8373311404662872,14.681867980901986,40513.7548981357,1
2,3,0.0746909678874063,3.8543549528391186,10725.938584793335,0
2,1,0.008213121861398191,5.802414326965991,11496.391568788295,0
6,2,0.002851197900527856,1.9373187720836658,9486.690926595404,0
6,19,0.5799868907259433,21.319269199550604,62933.00109106228,1
2,2,0.14031824623824382,4.108896192976146,14415.997306661937,0
3,2,0.10041309922789753,1.2601946341671755,6375.282587145761,0
2,20,0.9458473549011538,16.561936217058225,59727.10392922174,1
3,3,0.072728046327784,2.622929092077799,12723.214472633503,0
1,1,0.056172684379726764,4.677529490641461,13333.50625708734,0
1,3,0.07012812343360747,7.15743810160603,13073.06831263634,0
1,2,0.3679161461305463,5.200512974090319,7990.982338134353,0
2,4,0.20225301477972632,7.367638117021553,10002.92570962758,0
13,13,0.8295432153647119,6.410213431400964,64552.42640820464,1
1,0,0.00577551639616803,5.439283173234029,10528.05800279199,0
11,10,0.9443375733710704,0.9169459999136587,41063.46489704393,1
0,4,0.05446034269001249,4.93594486168271,6057.037400020169,0
10,10,0.9220018460371521,15.200595412182894,46665.22749906461,1
0,2,0.08967810017210899,9.119835816828946,10103.98406434929,0
0,0,0.27362015119390054,5.6177052975743065,8652.686256793617,0
0,1,0.1718608342823371,0.7929998165489982,10077.618000909604,0
6,12,0.9334061717772432,11.335495957541111,51493.052412254416,1
2,2,0.02175415066506357,6.506768919969385,10236.031928215813,0
11,11,0.9305691032978768,17.34075989842127,54439.858215605294,1
5,2,0.28975103609137126,5.0531439268086125,12392.595087686277,0
11,17,0.736433040985664,18.60639064624524,43625.434756823866,1
4,2,0.09151723761517537,5.307198270508333,4421.59001597226,0
12,15,0.8671121938313292,13.527111797500023,53741.72541108818,1
0,2,0.09993054076789777,3.6104370505296686,11736.423236771112,0
9,14,0.9010575167836362,20.76019349156865,51720.9287613183,1
3,2,0.04455789328196998,3.7585325067948867,15208.31670649123,0
2,5,0.04323417997665766,4.651271759495689,14927.113864264518,0
15,10,0.9086594542122425,12.875321051312381,52443.83127197181,1
5,2,0.00324568645955222,2.996756269019204,12502.501193049371,0
1,3,0.37322088373369583,5.697141488590146,14865.27264804351,0
0,3,0.04273193590705237,4.812675350221444,9770.335149827557,0
12,5,0.7059822474957902,9.085922488478555,52495.56430307557,1
2,2,0.43234813092988716,6.403076916716799,9126.867897140668,0
3,0,0.254908095754222,7.917362674917447,11058.340733889465,0
1,2,0.04939899152894668,7.989645799784654,10260.478167699077,0
9,17,0.9454204319052286,18.232246842711305,42213.26148702954,1
0,4,0.4020278011603188,3.717706731094268,12543.330466592999,0
4,14,0.9973507419118283,14.127061378861208,47722.562692568325,1
2,1,0.0018951221215707872,3.73884367536736,9210.435181609148,0
2,3,0.1555825075000277,4.803327315615002,10012.042271633383,0
10,9,0.6246517076050577,6.1986874970999555,49752.81443376727,1
2,3,0.07547040718295371,3.9970611532830524,9487.683113557108,0
11,10,0.8860861051055823,13.901519878917753,64159.123620198254,1
3,2,0.029730685500690426,2.5425094884956225,10286.2004152862,0
12,11,0.8987768749910152,0.8057983460840346,61056.00815253694,1
1,0,0.05451755160317608,3.9496829386034786,9382.012463259025,0
1,4,0.07367885654482695,6.294573128092063,6426.377556372635,0
2,3,0.0914855406457984,6.408259696098551,6452.561750821514,0
5,2,0.0622638448524055,7.430961187269264,13507.650489699496,0
8,11,0.9028707685079325,12.385737064818565,38422.50754136201,1
12,14,0.8784169035665772,14.983628104720882,48704.18888908018,1
13,13,0.8925606536244641,21.60658101401702,45401.02157344755,1
2,1,0.11250248301911246,8.476794388098822,13712.78739664977,0
2,4,0.04856562614768232,2.779622403695153,10251.922829757279,0
1,2,0.0848928034469493,6.802413560984617,11937.363783262443,0
1,1,0.12189999193828191,4.274794332640609,11841.631731759991,0
0,3,0.10853406379465379,3.028379007049054,9051.099009062065,0
8,10,0.5902012614013651,15.224012281939698,39758.173595522654,1
1,1,0.030544154823536045,6.005594589051155,13235.434151551568,0
1,3,0.015031088543677287,1.2171522163001867,11194.606733663039,0
7,8,0.9559863708829097,16.107837638041197,47284.41696206165,1
14,12,0.914863216022762,16.591327687801023,42691.343798162794,1
5,3,0.1840913986271542,1.037512758892439,13460.343609971243,0
1,1,0.28929998835215665,4.099073698232549,12447.213766915254,0
0,0,0.08102846989741658,0.9888476541605185,11239.796947532463,0
14,12,0.9308669423498044,11.356353036729887,58355.827763397276,1
1,1,0.06042663562443272,7.171965788890651,10091.615937063194,0
1,1,0.06947295038116166,3.355329057294552,12323.35646264646,0
2,1,0.31451973895080526,4.980602675634783,10499.77511632766,0
3,2,0.02054858602523783,4.448169059127646,9199.437457594131,0
11,5,0.7834302958830499,12.490742052668502,54314.59957727216,1
3,3,0.02801524159308289,2.5732598595041702,10682.688518690647,0
0,3,0.01626634068699507,1.977891932174269,9883.72541100154,0
1,0,0.11991946208869007,8.963048534165338,11622.660637842837,0
9,17,0.7561331512604832,18.433546021742828,31126.630485649155,1
4,11,0.9305554369554159,15.443031953623743,47269.78782584072,1
13,10,0.9351512253832354,20.313847997643997,46189.23545553273,1
3,3,0.24310598344890583,7.939361194407434,6313.866370279429,0
2,5,0.02972532773738813,3.130226614573261,6496.994592359299,0
3,2,0.13697794940053004,6.407761855648515,11476.387918516542,0
7,10,0.6274181045923735,12.540902547585848,52906.214978498014,1
3,1,0.0013505232307781392,6.667274793607383,13684.00029906886,0
3,2,0.11170028425758931,3.6521572446739174,11902.232614604638,0
3,1,0.029865944711285328,2.0371060406944177,10273.57840015399,0
4,12,0.8078549195213814,15.117346611463079,51365.91517398393,1
1,2,0.02870255163501773,5.245121597655716,10188.81390680832,0
1,5,0.03605066964887971,6.338876026786454,10326.388049310335,0
0,3,0.08185589209588447,6.075034253946285,12859.855580664178,0
3,2,0.09424299429603916,6.967847074488905,7596.818356653101,0
6,11,0.7686331200448532,8.32772959423542,42493.190129483446,1
7,8,0.9964221720498416,9.207582190733824,42877.980414146565,1
1,2,0.06801505498751668,4.533432033685461,12392.209271015834,0
0,3,0.027285362610064867,4.011388797427291,11010.22122416615,0
9,12,0.790576793852942,11.90944284163213,48888.08564512655,1
0,1,0.01440435082394939,5.0218660264863795,10844.583262526792,0
2,2,0.030369839718083297,8.373192272044376,6117.3263238562895,0
0,6,0.06010852536299449,4.86902492395677,9779.73684843462,0
1,1,0.022963915537767002,3.645772108238932,9782.187009723337,0
9,12,0.9703981860221476,15.917365593557836,54730.82671995057,1
0,1,0.18209448677593817,7.755214894348611,10788.257791784219,0
9,17,0.8068624208301344,17.545141770339878,64279.51902253086,1
5,0,0.06055065801113618,3.5501919363504135,10323.678946085203,0
16,10,0.8734260011896093,23.220483889262304,42193.45600144026,1
5,2,0.17089347861503637,5.83637792885782,9763.169790567743,0
5,3,0.22392193561977466,3.48303680175038,10078.921160928208,0
10,12,0.23079085956659354,11.731614731259711,45809.15148012924,1
9,13,0.7067597845979535,21.69388985210531,43933.69172677862,1
0,3,0.1329337914574623,1.1810579641974863,7664.961759846308,0
13,14,0.900476873202465,11.56670395413341,40684.78271382735,1
3,3,0.02776716896434233,4.6168856830635105,9018.415948756789,0
0,6,0.0179997957604304,6.305683068642314,5583.2556219741955,0
13,9,0.9296576104193356,24.62813063730972,52119.580270015635,1
4,11,0.9534431770816261,17.744139307005277,55559.48749958187,1
1,1,0.06282134782184902,5.1673987972310185,7736.1330648113335,0
0,2,0.02430456400696345,5.588785518272413,14947.917560833432,0
9,15,0.9593258221738257,4.540679527245663,35799.170169772886,1
8,12,0.9475926289252031,12.972300429664609,42567.282326411034,1
10,9,0.9365748376892772,12.675883224364494,56761.04929294832,1
5,3,0.02068833290318461,6.753374951750199,14334.49194626599,0
0,2,0.017470921446489936,2.8538895407521467,11923.000188607937,0
9,11,0.823809624146372,8.407909299368054,41277.001779394916,1
2,3,0.11467713507509783,5.437222973069411,9699.060205034983,0
2,0,0.02286420373017181,4.315706873753079,10364.212064114654,0
11,7,0.6698943786221848,16.486171362487582,47113.91969998469,1
2,3,0.14913759281220704,4.186449567412222,10692.104620174066,0
4,2,0.11996073756575754,4.070147651168324,10776.84578862573,0
0,4,0.06124791726396654,2.5419641268936286,10479.870555449852,0
2,3,0.19434850671851653,3.7782644435857304,11693.85116242536,0
8,7,0.7097047592552007,18.90939921302061,46662.987553109546,1
9,7,0.9220603731258178,10.458109535146567,43200.63745705383,1
0,3,0.21677024453826496,4.279446306246048,8815.771613620604,0
0,3,0.05325052428471331,6.245062687874388,13542.042300796122,0
2,0,0.3122613998091937,4.500393691329362,7733.663008255879,0
1,3,0.06739490514161339,2.5614272283478745,8818.99170280647,0
1,0,0.06996278251715546,5.402246917403052,10675.22518511037,0
1,3,0.03811869797239622,5.457208291156841,9427.234659653226,0
7,12,0.9632366771205757,14.55543704548269,58268.89219816709,1
4,12,0.4804658863416246,29.93164687788214,61508.76602727392,1
10,11,0.9067841576230276,12.208675620971757,54682.37609696888,1
2,1,0.04458881413262397,1.588896818200789,6328.926377948188,0
8,14,0.7896421528737851,10.0875593855036,57944.982907563106,1
4,3,0.12913246428856495,2.9557275122527544,9067.137175277456,0
13,9,0.9153303512026815,14.855751399328659,40548.9113388698,1
11,9,0.9579929566057974,7.7755133851787015,65419.72347838634,1
15,11,0.92200884369862,14.871415175564488,51701.12001654296,1
1,4,0.2175973779213566,4.731749241909687,11038.692659194268,0
3,2,0.002903453875020727,3.4625634789632693,10472.19632834142,0
2,4,0.06087366424782665,2.797032486046086,12558.079832918509,0
13,10,0.9839708544607376,10.545978671276877,51744.88199487736,1
1,1,0.03214172504412401,6.4239149334345305,9113.363395229302,0
2,0,0.005462618241157939,3.0908087014221377,11281.77664902724,0
11,9,0.9797560720744756,17.875539104948853,53979.24846715333,1
2,2,0.03836564498735553,7.298274096937069,11729.143944994537,0
2,0,0.030213382999424464,8.79377831233014,11714.260663505436,0
2,3,0.07458022066445405,7.594498400372107,12547.41069562238,0
11,20,0.8780079288646148,10.263984944202477,85440.6501095978,1
13,12,0.7426799661507438,11.035681974638408,50877.81199849837,1
5,2,0.13777302807590824,3.5329136738053037,7778.673460097512,0
4,2,0.04725132737603437,4.4834226733697635,10612.262378009991,0
3,3,0.16690979593238842,2.9662320289043103,9863.567416537526,0
3,5,0.11316179233683873,2.2227559709300317,10571.743570740233,0
2,4,0.022068995673606637,5.283064264299399,7357.768666345975,0
1,1,0.02669981376161096,3.726409796900886,9271.419808215178,0
4,3,0.016064429675467593,6.257198986060758,9728.21722894964,0
8,16,0.908166699798563,12.178059506471383,42068.32941123652,1
0,3,0.023790562039122304,4.012544827883558,12496.936078845518,0
0,0,0.01842356012184765,4.611640525474271,14020.536759673107,0
0,1,0.08438448131701617,2.8260494926987882,9876.835625534419,0
2,1,0.13734816917172812,4.155856229820608,12802.208130928162,0
1,2,0.11487981393314432,6.924633157760288,10110.822511971532,0
1,1,0.05371937061549523,4.111044933617945,11650.367449106738,0
17,5,0.8210151121739279,2.521463081087676,47461.40922854929,1
0,2,0.044853868238943544,-1.0623876649801778,9657.433351071626,0
14,12,0.4903536343177303,10.942592315077476,41140.71294535062,1
9,13,0.6892960130219579,16.35298858057827,46909.71724182957,1
0,2,0.0012354495976443522,6.273340307391665,9935.294492658611,0
2,2,0.15454527596942044,0.4448747863018312,11318.681990138224,0
8,13,0.5090211045392535,15.157135046769229,51865.744385608894,1
8,10,0.8295181818879644,14.015371387123825,52431.133482837155,1
0,1,0.011633028235136596,4.515246769227185,7886.428733700236,0
4,3,0.1257405185680935,6.407931610257253,10491.887437663676,0
14,10,0.9665275308138253,6.938451320102917,66770.59175297113,1
1,2,0.09272793623816997,4.572646462260277,9051.936928173827,0
13,10,0.8478182906151396,17.832559647205947,43004.8968557282,1
12,14,0.9057043370954055,12.538406025104825,46995.55062268835,1
9,13,0.6319768508194149,14.088015063087216,54111.43533319643,1
9,17,0.7921744019543314,12.990067544319324,55859.11757278307,1
9,16,0.8739250367709542,13.400117353244879,44731.03994662891,1
8,6,0.9638334477772896,20.870940825296607,46935.22507889569,1
4,5,0.12575398081228648,4.982530048204802,7905.700344440085,0
10,18,0.9015230905272525,14.059818570566659,39323.58236667424,1
2,2,0.08340656661193915,4.731869500727248,8061.698534521347,0
1,0,0.0037577521324705814,5.403160228399185,8474.28911560689,0
11,10,0.9868546136448029,21.278830876342795,48292.24167797922,1
8,10,0.9657828308828682,10.314244210828388,59362.05737537254,1
3,1,0.0740888535011209,6.675740835335579,10092.957338409577,0
12,10,0.8943657922845335,11.678088542520156,36644.30980298555,1
0,1,0.08969701487871909,4.541060417360576,6821.904228773327,0
1,4,0.0013185480371195933,5.815620029235507,8766.334798045666,0
10,14,0.9905711156744027,16.99634703807088,52952.37036693526,1
3,13,0.9940116634519515,16.503745085903976,18585.85458703454,1
3,2,0.00930084639913756,4.969523906999827,10861.134768123817,0
10,16,0.9693965413595047,20.769470672692457,54762.52760087221,1
1,3,0.009351466993635274,4.457189879671007,7220.270518196941,0
4,2,0.008978397887662509,8.598128468047307,10939.94708066377,0
5,2,0.14659738780303108,7.648370474291116,6919.177872099304,0
4,1,0.06272789666529346,8.93508149239172,11415.172914971123,0
5,3,0.5420384704116986,4.328436516091738,9400.765102178482,0
2,2,0.025632074319462052,3.6085617510658285,6853.005751971139,0
1,2,0.0063545796469280805,3.8755886075594725,7782.36735742691,0
2,3,0.10112166529424683,0.6723939973019428,5611.819200477505,0
8,15,0.9669892080444893,15.299566185456307,44372.03069247968,1
3,0,0.0046712146940695014,7.499515143095912,8432.829885032435,0
2,0,0.07145588343089836,3.2789854977995683,13680.073246203348,0
11,13,0.6534989759004296,18.067359683458893,52333.02106564377,1
2,2,0.000983356854565808,2.4110132902839774,10215.971033372061,0
2,1,0.008503240067525787,6.287550761875864,9184.545965462763,0
6,10,0.9820434724199579,28.568098887644986,36139.514594144275,1
2,2,0.24091707929358114,8.34392592014655,7904.380363243539,0
2,1,0.06333841658502412,4.318975910577646,12930.709415057236,0
1,3,0.011202287236841841,5.13853976235175,8144.979630580281,0
2,3,0.0048125556581253654,7.416538183176108,6815.03405544359,0
0,2,0.1928648368553375,6.132373872842113,7205.030774339113,0
11,16,0.9842984116473358,19.84012537935292,47184.71290135678,1
9,9,0.7582246763559669,17.972919023877786,55143.77136613857,1
4,1,0.024464012230173235,4.35021037071955,8784.013405663505,0
3,5,0.28861000618157834,4.593366932340541,12309.782285270787,0
8,9,0.8640900036303398,10.767440777781946,42199.34047074885,1
2,2,0.03077550499732755,5.267578125730211,5800.856714839382,0
2,2,0.06365975114598797,5.387529157289641,11875.229687019195,0
3,2,0.028966741239454624,6.88481859006827,11198.079159468676,0
2,1,0.06973800133598275,4.42488377969773,7343.95828175155,0
4,4,0.028802333717453974,4.837952326522401,10917.109948037842,0
4,2,0.0973829136854066,3.9180921930405344,9474.185604250068,0
1,1,0.1152061968065998,3.760727152167071,7687.176712454243,0
17,8,0.7539380920450777,10.959883726767844,48846.30371789172,1
9,11,0.8835429212197552,15.363716643486162,59397.07491945591,1
4,2,0.1374617627370028,5.8292507985345665,13372.186308677989,0
3,0,0.14129472884826244,7.074922207017945,8704.365397543821,0
0,6,0.02254727494781796,2.8254786314512956,6321.659221656786,0
0,1,0.29847212381903526,5.583760052232633,10683.118946895926,0
1,2,0.2423802896388988,5.324766370266094,10958.50019179345,0
1,1,0.07671077274187525,5.114702539959364,9394.494260076468,0
10,13,0.7552790051442833,16.39874000349992,45790.9906142506,1
8,13,0.8378779781668719,20.747046468331234,50716.1839271028,1
4,5,0.6827357110768024,14.364815485624787,47240.897875979696,1
3,3,0.06681795556750512,4.8462876199058895,8538.566439802702,0
0,3,0.13850490174061822,2.8530785105946097,10048.509107773982,0
3,2,0.006811412485191704,3.269980713978315,7542.447701900732,0
7,8,0.9662242182892437,6.920118331414721,59583.91951617114,1
8,12,0.9755913897861932,13.340027705599619,51319.700019455755,1
1,2,0.3353513081977368,1.4668025611721016,9062.304791876351,0
2,2,0.23991364528736525,7.323217627314275,9985.9181829386,0
1,0,0.16663210448106053,4.4037388414683125,8346.03880083275,0
7,16,0.9686966593198608,7.577342290344714,40362.39401624483,1
8,12,0.8717887938644732,11.44169230711847,46668.45667922704,1
2,1,0.05852848754007251,8.428366933248675,10749.696156665641,0
8,12,0.8347526056968014,15.664087667081326,61827.134318744036,1
15,13,0.8442578003122351,17.94751524938624,81496.48011134542,1
9,13,0.9768159919646304,19.32424611649457,53408.81659461561,1
2,1,0.002384624339779353,9.053479356968703,10092.483650036398,0
7,10,0.8817026310791579,7.591163887102564,47081.21145965389,1
14,11,0.6714274173114273,16.685436463668406,31449.213365132608,1
1,1,0.18444128761636214,6.189052253935922,6916.464150590405,0
1,3,0.11655258837453647,7.996934648274083,7257.371647787754,0
2,1,0.21952987981306923,5.423129666388496,9778.934185026423,0
2,2,0.04280143411838083,7.672763606906376,6376.816359330021,0
2,2,0.09101839330133532,2.092402898507455,10302.315490507215,0
10,18,0.9741507280688214,9.853186550056812,48951.003622098775,1
8,9,0.8777829835075095,21.174395086931685,21773.650417554734,1
2,1,0.07622583175258968,2.8302424474473202,11092.146343616536,0
7,18,0.8211449416380476,16.496182309592204,54940.400192124005,1
3,1,0.030315313167814863,3.2526622161547483,11412.7413945012,0
3,1,0.05225848563314596,2.5528656290499785,11103.30453715815,0
1,1,0.011576185428374757,4.756960643599524,10830.490468646787,0
4,2,0.1686368285477269,5.258987305792189,11541.667922247128,0
0,4,0.04645008621822666,5.842639588464872,8518.872443325885,0
2,3,0.05498199412265696,6.632443745114385,10895.86134675878,0
2,2,0.057880191751210064,6.870914729697551,9716.369404661678,0
1,3,0.18713904270547735,4.955062046650865,12896.82334024478,0
8,2,0.10669748640206868,8.78402353997939,9897.765473046722,0
0,2,0.0516551119547952,3.679943702178514,11454.660569806007,0
2,1,0.08110228317551814,9.417033360018348,7408.039958704463,0
6,4,0.9228178284336088,3.307858998784512,39685.25456089256,1
1,3,0.01243642021921757,7.057220622606756,9549.209435675353,0
3,1,0.19510052148471016,3.1884212427964256,12105.53787922317,0
7,9,0.969767182460868,16.854151046681046,43544.481353050214,1
8,15,0.8514848838493018,15.310256744114973,50457.227956854455,1
2,1,0.008946520508209089,5.636745879029332,11432.661968576562,0
2,2,0.011855184914001447,2.7549038189911674,9492.873657103595,0
1,3,0.006905995116750006,8.595467681154716,7717.668368680702,0
5,0,0.15787451699904878,4.157026928296963,12298.056125996587,0
2,1,0.043851514900069666,8.4793305039409,10458.18951242473,0
6,10,0.6413740488486528,8.680595854629445,63920.952441211826,1
3,4,0.06907894037440561,6.6381098768413995,10749.559504385608,0
2,1,0.038574927410889,8.768002275139715,9549.789190640327,0
18,7,0.8713817869207048,15.020209789115803,39367.78759202179,1
11,9,0.8868507964341127,10.432874368413486,60189.958316879405,1
1,1,0.007255784072884247,4.866876902911086,9272.176872345042,0
5,1,0.173151655255089,9.436533986241733,12383.862472430146,0
14,9,0.8992805961441326,23.544820260149464,55515.93014040516,1
3,4,0.038344546969211246,4.526478883924918,10879.902806806222,0
2,3,0.041175355335221736,5.17056813746648,8652.104676473185,0
1,3,0.13075118319992707,4.541248625270491,6524.15510806841,0
2,1,0.039014976440061695,6.955090403708631,9083.223846292627,0
14,11,0.9538469902379902,12.617599347742845,33357.90727299467,1
3,0,0.13841456314300427,5.415760753555381,7624.343173258076,0
1,1,0.05800416802402687,3.6667427686427096,13582.958680728274,0
0,2,0.09790154178036425,5.299734182775555,14204.089511675611,0
1,2,0.20582398431379642,5.476930280647589,11880.93401544286,0
14,14,0.7906074838289207,17.174685270890382,45430.65160865257,1
2,0,0.004363056488278986,6.191794917040731,15307.449750732701,0
9,13,0.9944663566504817,12.79320604242574,59687.45108791246,1
0,2,0.027979302205880803,4.9272467526809915,7950.100937736635,0
1,1,0.1187194684351264,2.0209372932394056,9638.028267971356,0
0,2,0.3932238522690421,7.523934231992729,6728.642061999556,0
2,0,0.010173164223880586,5.904194576901375,10720.382556203213,0
9,10,0.9800060766244162,20.40360249443493,21961.842966420798,1
2,2,0.0018830833294348553,2.512829844385597,7539.939848155961,0
1,2,0.17822135832606173,6.780521062934402,12705.479789322191,0
1,5,0.13589803673192216,4.917512586721893,11472.157512089754,0
1,5,0.030999801634018453,6.160145788155107,8622.76390287508,0
1,0,0.16166728045171994,1.954570980418989,12550.248809322286,0
4,6,0.022058896017438975,5.821980405755001,10077.404589515127,0
3,2,0.08525255094486846,5.685037942281015,10597.716927501158,0
0,2,0.0034106471528167225,0.8647388918232997,8040.514487980708,0
6,12,0.7075915637614705,21.650796776773642,47481.528946706494,1
11,10,0.9061000203508442,11.104737978466549,34802.11196648008,1
2,0,0.06393268617936841,5.815994254499527,8635.308720241468,0
9,11,0.8327119585249442,12.254046153515882,47003.47224335188,1
2,9,0.8208268622112151,13.501472032360732,43454.50460163617,1
2,2,0.012963607183243844,6.3986007994358,10296.995613255824,0
2,4,0.11906574350070048,6.178048339851433,10278.082954226773,0
13,9,0.9238283938767615,19.34222155297966,63454.829678839196,1
8,14,0.8624900666315469,14.694513352161591,40710.14683910694,1
8,10,0.8675500478386781,13.90198952887213,47304.91913274149,1
2,1,0.059861986604249226,3.396275646323837,13429.108295522015,0
4,2,0.04875502494896244,6.448334481754327,11110.179398883174,0
2,5,0.0854247108483348,4.95526227624332,12935.566610742484,0
2,0,0.08119560213012535,-1.4321143985142726,8752.88188940172,0
3,3,0.0927179529718402,2.778825282619914,8533.994161775268,0
9,15,0.9860271830382049,19.548916725505812,31867.019276336996,1
3,3,0.07650019299216673,5.437529473569541,12292.363806098878,0
2,4,0.016057897842674952,5.989249279148573,11782.141081820984,0
2,2,0.062279065740494716,5.719707929509992,10849.59862695357,0
2,0,0.0641416450198121,3.864165042828094,9011.59690167459,0
2,1,0.004556724506536707,5.680069218411477,7827.216244244907,0
3,3,0.07846258184522761,2.3948450420929257,11577.768415097284,0
3,1,0.21808288481588048,6.611302065787344,11551.955132812322,0
5,3,0.15845841276230105,9.40278142457587,8701.707630482186,0
10,10,0.7396790821700507,21.3624827195389,29684.48689252763,1
10,8,0.7908967795098589,6.368826079939667,62122.600577854144,1
2,3,0.2942476952149057,7.0949938297519815,8589.136007843534,0
0,3,0.06444457625930013,2.3490020640086278,9177.836764643032,0
4,0,0.1138471745038968,2.459536321944907,10041.124940859654,0
2,1,0.28118049209062407,4.244290222430212,11364.442161825658,0
2,2,0.04643271706776705,6.861749023874488,10616.254928672268,0
3,2,0.03814754331218143,9.210322761944836,10216.79649617642,0
3,3,0.4349711195745609,4.688357888852367,11102.353404714278,0
0,4,0.2095930343365891,4.326267589918933,8343.945641624683,0
7,15,0.8487561804296911,18.81719090694738,37066.97180790233,1
0,4,0.06825243743130231,2.984395336802991,9045.988563357287,0
8,16,0.9834576675136961,18.712221193234782,63529.42047770699,1
12,12,0.904164194663294,20.991380183223182,54128.21372733146,1
1,3,0.03774037493804308,8.078034750510831,8026.096976548468,0
9,12,0.9582614017614429,24.865524340409525,57364.13744536014,1
9,7,0.9783774420644807,15.436643519608245,38424.31942231403,1
13,13,0.993486956125929,16.28618875338261,47194.9141537553,1
12,10,0.8915011723093461,26.70148249022653,49499.34641769502,1
3,1,0.011571555269682579,3.4577300655327443,10140.249864929689,0
1,0,0.032134042427697226,5.024730190273065,5910.8874941247705,0
12,13,0.9954256577838403,14.55168039230183,56370.51839608759,1
3,3,0.01644544591929431,4.823200166411853,8957.327715065694,0
2,12,0.9772397948482325,10.697267137256857,65224.38909756545,1
2,2,0.07000931783047008,6.564745540584327,9739.277438041303,0
7,11,0.882070903216222,10.001755578428881,42622.447531671176,1
17,11,0.9211553025114083,24.63906498719286,43514.42876711349,1
1,0,0.04888877452042516,3.901543721009203,9857.170043254693,0
2,2,0.02597445816175221,3.7973990709765344,7684.736638142277,0
11,11,0.8583564609890474,11.514776493202888,36567.73352051681,1
4,2,0.22478636677678643,8.347879594489537,9625.597261783047,0
4,2,0.006724090042001877,4.752613620976434,11704.34836264381,0
12,15,0.9044489127281883,14.26319932621856,55218.4837202588,1
2,2,0.09933650727286396,5.291298243859265,6772.0177458078,0
1,5,0.07684144194546835,6.154386634375456,6553.393759361461,0
3,0,0.001056999933716453,5.131875186855974,11224.165001607566,0
1,1,0.030472453116737453,7.8145994130691765,8721.187928250958,0
3,6,0.23775182522349336,4.987902962721829,11351.741204460563,0
2,0,0.019280757715223452,7.194859662833163,9199.483718105655,0
1,3,0.049714874050604554,8.151209118311467,12944.275656330237,0
9,10,0.9430307792823521,15.884429197150041,38040.45659944412,1
1,1,0.14970113224946172,9.17549197175029,8633.533914444624,0
5,0,0.0028849651299112963,4.982067348472521,10256.902134492586,0
0,1,0.21525556133917317,6.028291652812092,11117.437674374756,0
1,4,0.0635359360487847,3.3576805836093273,4798.8499609413375,0
1,1,0.21581107705055688,7.3367292658966,12586.356171056445,0
2,1,0.03295516081500066,7.3240154085424205,10539.335577974562,0
7,13,0.8366742302411229,16.244185393756894,53291.19213417295,1
0,1,0.029531207224190198,6.293337493166662,9461.728896817514,0
10,6,0.5464946910897399,12.421163277352314,30495.877983425933,1
2,1,0.28668734622414543,5.741817581270574,12245.662890998256,0
8,14,0.9909953419728142,13.275924346663524,43278.24808749953,1
4,4,0.029239109569466883,3.0438232475031004,8238.479617770558,0
12,11,0.5946964084996426,18.390099577334965,36132.31789162314,1
1,4,0.015327365382295101,9.053604737873812,3766.6943050802174,0
2,3,0.07057582767840642,6.283418490382654,10329.005180087011,0
2,2,0.2932066639646446,8.479394814240134,8577.386640002245,0
9,13,0.9751961488208281,12.44207397396851,42363.2536399783,1
5,7,0.40672129381396255,19.430690767470658,45438.74306505397,1
11,9,0.8043879624374438,7.92114493472088,58787.342780476654,1
3,1,0.16714400872789745,2.7053169673573416,12886.600020259577,0
4,2,0.08603756728185279,4.540529337004299,10376.972761520843,0
6,12,0.7156022985370596,20.58067144369061,54219.3371217351,1
11,12,0.8796492268183349,24.051513050020812,60663.51891195237,1
0,1,0.001059764435339719,0.0427237617441536,9151.209558578677,0
11,18,0.8378185776638732,11.494106740381785,46361.742744521005,1
11,11,0.8245017580984954,11.007302427206195,61700.77063029631,1
1,1,0.046393900050128035,4.156782829377761,11100.533727641867,0
5,4,0.22029359300726076,6.6155468625835665,5011.291998554405,0
15,13,0.9180213585954943,12.892625812843537,60134.0193096504,1
3,1,0.07913454274098145,3.7131298659394467,9434.047446038501,0
2,2,0.04697453772247822,3.5248880707060555,15010.530490946929,0
2,14,0.9063854554654724,13.987385012654586,49578.49468318531,1
2,1,0.03258398270160583,5.174482875641219,9685.797540020983,0
10,9,0.8996304535485289,22.10309146387004,54378.22878510287,1
4,1,0.13398499632213698,7.193085591950428,10200.579445014078,0
13,12,0.6645200425710257,10.635083693247365,49027.9632974022,1
7,14,0.9068745257042551,4.935459780533218,38852.26138962753,1
0,2,0.11582989343729007,6.36068515597265,7869.6879718092805,0
10,13,0.5803332109443848,14.340111789841053,62091.46286090212,1
2,2,0.023835779766782656,6.011746364405835,8856.763216861467,0
2,0,0.0631545446971755,6.871737658439685,8503.579370075051,0
6,3,0.2059849469192651,4.23263148984744,11023.461928539815,0
2,1,0.038546097630216374,5.215496269252135,11280.249751283243,0
2,2,0.14161922706895855,8.569764798064703,10373.265313025477,0
2,3,0.04421233872289771,7.285047121756261,8245.560028226213,0
2,1,0.0259423271089949,2.352769203021921,10316.461739306573,0
9,12,0.9001778039981536,12.579264345563947,68613.73071318222,1
0,0,0.024175508217107445,2.8828634434869547,10649.273580858806,0
1,3,0.17503395298254568,4.25987343098964,6841.919777764142,0
3,1,0.025831776748799627,5.5934969619563155,11270.506129696143,0
3,1,0.0977298470468947,6.251940949977435,9277.035588844954,0
1,2,0.015024873319695401,3.1324925277198057,10027.231228761653,0
1,1,0.01892873312570336,2.2448472398706665,9489.483686675607,0
7,7,0.9675059107700458,25.124344702479235,40265.84641495547,1
4,1,0.04004190814497365,4.2354955048562495,9837.304545928502,0
3,1,0.039335562349716545,3.250720371703892,12182.597912590534,0
4,8,0.9057480167118753,6.595524586267546,59689.506522521704,1
2,3,0.06282769966737992,5.960670093906953,14766.91407329373,0
0,1,0.2387914841201864,5.605255263059629,10616.728625263771,0
2,2,0.15542220713660904,7.724129913854955,5147.364853082533,0
2,5,0.06246650250283666,2.499948934431902,10151.253556780806,0
17,9,0.7804564643340198,13.959339519578723,52452.12173468354,1
14,14,0.3467719449575366,11.866038752199712,64546.055390688634,1
1,2,0.14915959337669846,5.576503155738653,16796.2546353258,0
3,3,0.04072775105032455,1.5694295650940013,11351.503763018407,0
0,3,0.09166276961891,7.780666367064343,8601.078252901445,0
1,2,0.11836022548536737,3.453618063026743,9558.199498157786,0
3,1,0.018372438870278597,6.517601867951538,8425.348174623841,0
8,16,0.874868034701041,19.870616846479653,45587.371951443245,1
8,13,0.8985247838293758,15.305812839254575,50685.9835422886,1
2,2,0.040081681599744165,5.175430018635528,10148.00802388573,0
13,16,0.826546664711896,25.968013078050355,46719.347958055056,1
2,0,0.13774623420684726,5.093056931867418,12170.355696344634,0
2,0,0.06631626689673892,5.743438477380086,10941.19782700672,0
1,2,0.04174695182858555,6.576243609386925,8988.19411921527,0
14,4,0.7203114696201504,18.999556408441933,62713.33439585099,1
0,1,0.006260990825886439,5.004292564253084,12054.091704355522,0
4,10,0.8708310284322822,9.10665381851239,34450.511765658506,1
5,0,0.04357586484899293,3.428599558243315,7168.173740926243,0
12,5,0.7833951969833807,15.745198503124987,46015.183548676454,1
1,2,0.11878983322078412,3.989310215599406,9689.638735495331,0
0,3,0.008837194136282932,6.725409843980033,7669.599425893529,0
0,2,0.06684645036752009,8.958572811002927,9142.273198605464,0
2,3,0.076574397153733,10.014990475717667,9053.756990781289,0
3,1,0.01414623446157438,6.5053991421512745,8501.757848077952,0
4,2,0.24317449273466,7.867668978320313,8024.994413061063,0
3,3,0.01378677897121828,6.691702368938007,10886.581853214851,0
1,1,0.24352421373745597,6.135026922579227,11634.073372518382,0
1,1,0.06075228079226096,4.438146751584452,9767.190201077798,0
2,2,0.2390226538742781,6.115007642067674,12067.258405557823,0
1,1,0.20469940685086102,2.4304076801363945,11171.07651667699,0
10,11,0.8333535750817487,14.658524263549303,48344.646103523235,1
6,9,0.942113241208309,18.34106627218069,48884.663838064924,1
1,0,0.08757742549409582,6.617325530994575,9454.679119550166,0
3,3,0.1618365936846684,1.6951752194063916,10321.788408398124,0
8,8,0.8492970504040326,22.196467419177345,51191.90813007592,1
4,2,0.08620369622028752,2.9680806736108654,13018.8981008053,0
1,4,0.22181489466546603,4.752014052584863,12756.98044430546,0
1,2,0.04160550024846825,6.266337206632104,10622.030148756383,0
4,1,0.088259747986856,6.0545730793839,11576.098168634138,0
1,2,0.07590942400306612,7.6489652516821405,8821.105362720615,0
6,12,0.44179875428656584,23.272401369598217,52295.62614855962,1
12,6,0.9314567389536564,16.852992069901056,29104.503068826263,1
3,3,0.11847865517858484,3.5407327093296845,12178.198005694889,0
1,1,0.12273819089717142,7.598353161739272,9505.95385272546,0
15,13,0.4858523567472942,12.500802012991679,62651.55500436636,1
2,2,0.01026860636966528,4.769181323600429,9918.773957358639,0
1,5,0.0033360122742015228,7.028509714230514,8245.098837661038,0
4,7,0.5498027964268356,16.557441885285318,34957.53328955179,1
2,3,0.08646077571370583,6.0633311918771895,10658.451733820626,0
10,19,0.9252291837067239,9.950228986619202,55035.42756716763,1
1,2,0.08058700209472085,3.374848435378384,8738.358012185117,0
1,2,0.018118224039993115,6.409723096391523,8623.72587569682,0
11,4,0.893098499305838,12.426041502501716,58084.11176932697,1
3,3,0.01038206483803192,6.213659744565149,8569.474961369642,0
2,0,0.21250623594658447,7.6317745340922345,9214.49876320584,0
2,1,0.0732057676925164,6.376773861425619,11621.727465521048,0
1,0,0.05634324790191088,8.960150466888038,12198.938162068114,0
2,1,0.03131106910761331,1.5697600906106084,6358.894236677518,0
2,0,0.02207927759554669,5.217566727707932,9115.542148245022,0
4,2,0.08690051732666142,3.723175162660922,8722.995951445584,0
1,2,0.028453756446616428,4.407501602471521,9237.458587936666,0
1,1,0.1009456324067326,2.939188525544884,9946.320863365696,0
2,4,0.04874753266584741,5.79612434970601,8003.792178104457,0
5,1,0.31463649293297374,4.971361114568454,10098.395875621525,0
